date,close,position,strategy_equity,benchmark_equity,strategy_ret,ret
2023-01-02,99.78749135548938,0.0,1.0,1.0,0.0,0.0
2023-01-03,100.83170300515818,0.0,1.0,1.0104643541538572,0.0,0.010464354153857158
2023-01-04,102.0475517652193,0.0,1.0,1.022648734616231,0.0,0.01205819919553397
2023-01-05,102.39300649961514,0.0,1.0,1.026110638805857,0.0,0.0033852329469954423
2023-01-06,102.82243061906033,0.0,1.0,1.0304140250681229,0.0,0.00419388134136689
2023-01-09,102.51298369860633,0.0,1.0,1.0273129658446616,-0.0,-0.0030095273822152713
2023-01-10,101.86098395446699,0.0,1.0,1.0207790833381196,-0.0,-0.006360167469676381
2023-01-11,101.22730821787802,0.0,1.0,1.014428831137355,-0.0,-0.006220985818006897
2023-01-12,100.52167400479483,0.0,1.0,1.0073574617352585,-0.0,-0.006970789063800886
2023-01-13,101.37523321766493,0.0,1.0,1.0159112313638516,0.0,0.008491295248717945
2023-01-16,101.43615528058557,0.0,1.0,1.016521749396654,0.0,0.0006009560815494197
2023-01-17,101.65004198222147,0.0,1.0,1.0186651713699948,0.0,0.0021085844691595135
2023-01-18,101.2431483799298,0.0,1.0,1.0145875700918734,-0.0,-0.004002886711673259
2023-01-19,100.48010180318205,0.0,1.0,1.0069408543925136,-0.0,-0.007536772502217182
2023-01-20,99.63458236516006,0.0,1.0,0.9984676537284157,-0.0,-0.008414794798657477
2023-01-23,99.08416331227531,0.0,1.0,0.992951741409066,-0.0,-0.005524377578735362
2023-01-24,99.68178365996475,0.0,1.0,0.9989406718809268,0.0,0.006031441632160517
2023-01-25,99.82087329994134,0.0,1.0,1.0003345303504327,0.0,0.001395336588789986
2023-01-26,99.58348026232619,0.0,1.0,0.997955544423535,-0.0,-0.002378190350046605
2023-01-27,99.52222945664472,0.0,1.0,0.9973417319621788,-0.0,-0.0006150699445341967
2023-01-30,98.52266470327298,0.0,1.0,0.9873247975769778,-0.0,-0.010043633053931855
2023-01-31,99.63177291298227,0.0,1.0,0.9984394993762056,0.0,0.01125739151544125
2023-02-01,98.80251315842477,0.0,1.0,0.9901292418149319,-0.0,-0.008323245991835981
2023-02-02,98.97417572902599,0.0,1.0,0.9918495232677412,0.0,0.0017374312162077299
2023-02-03,100.82382170118258,0.0,1.0,1.0103853732729016,0.0,0.018688167479369522
2023-02-06,98.92949372800437,0.0,1.0,0.9914017517042449,-0.0,-0.018788496024208845
2023-02-07,97.96553756928749,0.0,1.0,0.9817416615905169,-0.0,-0.009743870330188642
2023-02-08,97.54474658761752,0.0,1.0,0.977524790558346,-0.0,-0.004295296000109805
2023-02-09,97.7828412781239,0.0,1.0,0.9799108079566407,0.0,0.0024408766113561686
2023-02-10,96.59773322720486,0.0,1.0,0.9680344892435353,-0.0,-0.012119795614736084
2023-02-13,96.56507834536794,0.0,1.0,0.967707245002866,-0.0,-0.0003380501875764885
2023-02-14,96.69407119920882,0.0,1.0,0.9689999205886402,0.0,0.0013358126566163087
2023-02-15,96.9791555112254,0.0,1.0,0.971856834898681,0.0,0.0029483122230860026
2023-02-16,95.29578228644746,0.0,1.0,0.9549872533317793,-0.0,-0.017358093251111928
2023-02-17,95.94445197870643,0.0,1.0,0.9614877644023312,0.0,0.006806908728753003
2023-02-20,97.33627984097066,0.0,1.0,0.9754356835589105,0.0,0.014506600783681822
2023-02-21,97.83733754044415,0.0,1.0,0.9804569311388149,0.0,0.005147697243947702
2023-02-22,97.43412146568889,0.0,1.0,0.9764161834531273,-0.0,-0.004121290346730699
2023-02-23,97.1189686595458,0.0,1.0,0.9732579438595457,-0.0,-0.0032345219662505142
2023-02-24,95.24434711571945,0.0,1.0,0.9544718062549027,-0.0,-0.019302321366260644
2023-02-27,95.76947067740879,0.0,1.0,0.9597342249664684,0.0,0.005513435469837624
2023-02-28,97.09294731641126,0.0,1.0,0.9729971762745399,0.0,0.013819400166264595
2023-03-01,97.76624371500316,0.0,1.0,0.979744478861728,0.0,0.006934555157726674
2023-03-02,95.62925181058088,0.0,1.0,0.9583290501802982,-0.0,-0.021858177456953176
2023-03-03,95.46844070645774,0.0,1.0,0.956717514486408,-0.0,-0.0016816099789389582
2023-03-06,95.55519456307607,0.0,1.0,0.9575869005731799,0.0,0.0009087176450810475
2023-03-07,95.35172354114744,0.0,1.0,0.9555478572104824,-0.0,-0.0021293559482454816
2023-03-08,96.31069179450463,0.0,1.0,0.9651579620475799,0.0,0.010057167482068419
2023-03-09,95.14193170785441,0.0,1.0,0.9534454711253805,-0.0,-0.012135309848505416
2023-03-10,94.7626316544792,0.0,1.0,0.9496443929719677,-0.0,-0.003986675975214626
2023-03-13,95.3819055851766,0.0,1.0,0.9558503204112223,0.0,0.006535001401769769
2023-03-14,96.30943200556533,0.0,1.0,0.9651453373295698,0.0,0.009724343571228422
2023-03-15,96.60873938318385,0.0,1.0,0.9681447851917497,0.0,0.0031077680699147514
2023-03-16,97.59830985030908,0.0,1.0,0.9780615638749608,0.0,0.010243074005968023
2023-03-17,98.1766499416564,0.0,1.0,0.983857281188737,0.0,0.005925718306334815
2023-03-20,97.51810587344687,0.0,1.0,0.977257816072779,-0.0,-0.006707746379621571
2023-03-21,98.70406707065665,0.0,1.0,0.989142684417498,0.0,0.012161446190811498
2023-03-22,98.47630420570016,0.0,1.0,0.9868602053025046,-0.0,-0.0023075327260166922
2023-03-23,97.36831053447007,0.0,1.0,0.9757566726234146,-0.0,-0.011251373415839039
2023-03-24,97.87859593112461,0.0,1.0,0.9808703936892811,0.0,0.005240774887163013
2023-03-27,99.48007092024599,0.0,1.0,0.9969192487849182,0.0,0.016361850861125182
2023-03-28,100.41760443722201,0.0,1.0,1.0063145497814738,0.0,0.009424335028144881
2023-03-29,101.39397586213484,0.0,1.0,1.0160990569541668,0.0,0.009723110109873367
2023-03-30,101.72021460974965,0.0,1.0,1.0193683920500116,0.0,0.00321753580368922
2023-03-31,99.90124758500832,0.0,1.0,1.0011399848615663,-0.0,-0.01788206043134899
2023-04-03,100.613515647417,0.0,1.0,1.0082778340321727,0.0,0.007129721396147648
2023-04-04,100.90688856564691,0.0,1.0,1.0112178109195038,0.0,0.0029158400473547896
2023-04-05,98.95912594530758,0.0,1.0,0.9916987049285486,-0.0,-0.01930257337260155
2023-04-06,98.60434125937788,0.0,1.0,0.9881433025318115,-0.0,-0.0035851639001518443
2023-04-07,98.07041257826278,0.0,1.0,0.9827926451111033,-0.0,-0.005414859774891756
2023-04-10,99.06404097631693,0.0,1.0,0.9927500895217899,0.0,0.010131785641884772
2023-04-11,99.31815854996401,0.0,1.0,0.9952966769767425,0.0,0.002565184815223054
2023-04-12,99.71054216511943,0.0,1.0,0.9992288693770661,0.0,0.003950774167424953
2023-04-13,100.0581905722375,0.0,1.0,1.0027127570106331,0.0,0.003486576239274397
2023-04-14,99.15131304581847,0.0,1.0,0.9936246687733177,-0.0,-0.009063501161000076
2023-04-17,97.75225359254598,0.0,1.0,0.979604279701822,-0.0,-0.014110347208674545
2023-04-18,97.94173241403577,0.0,1.0,0.9815031030805436,0.0,0.0019383575777145445
2023-04-19,97.8546850824176,0.0,1.0,0.9806307759938944,-0.0,-0.0008887665091544816
2023-04-20,97.98412877057837,0.0,1.0,0.9819279695238893,0.0,0.0013228154385427349
2023-04-21,97.99220392821097,0.0,1.0,0.9820088930697457,0.0,8.241291456001498e-05
2023-04-24,97.73740753240209,0.0,1.0,0.9794555029368964,-0.0,-0.0026001700706267394
2023-04-25,98.30670660477213,0.0,1.0,0.98516061752227,0.0,0.005824781797914014
2023-04-26,98.58991620005455,0.0,1.0,0.9879987447407758,0.0,0.0028808776640338873
2023-04-27,98.22914971438014,0.0,1.0,0.984383396957463,-0.0,-0.0036592635391062833
2023-04-28,96.87270739267376,0.0,1.0,0.9707900867811995,-0.0,-0.013808959210687366
2023-05-01,95.00630751779737,0.0,1.0,0.9520863409557091,-0.0,-0.019266519178729458
2023-05-02,94.0340411735423,0.0,1.0,0.9423429720118863,-0.0,-0.010233703105164138
2023-05-03,94.0327600164082,0.0,1.0,0.9423301331568685,-0.0,-1.3624397272704591e-05
2023-05-04,94.83310471155451,0.0,1.0,0.9503506243454395,0.0,0.008511338973849591
2023-05-05,94.6244683903345,0.0,1.0,0.9482598179889918,-0.0,-0.0022000368105062895
2023-05-08,95.2459995331518,0.0,1.0,0.9544883656193068,0.0,0.006568397724079578
2023-05-09,96.2404824880073,0.0,1.0,0.9644543737967516,0.0,0.010441204457194653
2023-05-10,98.19562815885692,0.0,1.0,0.9840474675231435,0.0,0.020315210608937484
2023-05-11,98.52408105650086,0.0,1.0,0.9873389912720857,0.0,0.003344883105310892
2023-05-12,99.81013435938839,0.0,1.0,1.0002269122471306,0.0,0.013053187495857044
2023-05-15,100.09587400431737,0.0,1.0,1.003090393842344,0.0,0.002862831983575065
2023-05-16,99.20349328740302,0.0,1.0,0.9941475824258784,-0.0,-0.008915259752623306
2023-05-17,97.50776049080982,0.0,1.0,0.9771541419298927,-0.0,-0.01709347867096256
2023-05-18,97.8272896037424,0.0,1.0,0.9803562377897261,0.0,0.0032769608421341356
2023-05-19,98.61019927231764,0.0,1.0,0.9882020074141589,0.0,0.008002978225671864
2023-05-22,100.66157359304756,0.0,1.0,1.0087594369362818,0.0,0.02080286152819677
2023-05-23,100.20523405113246,0.0,1.0,1.0041863232552353,-0.0,-0.004533403617948406
2023-05-24,100.67660904763893,0.0,1.0,1.008910111679049,0.0,0.0047040955591795
2023-05-25,100.65792676370282,0.0,1.0,1.0087228909795172,-0.0,-0.00018556727439311693
2023-05-26,98.83891125239393,0.0,1.0,0.9904939978928204,-0.0,-0.018071259460559652
2023-05-29,99.20316925509043,0.0,1.0,0.9941443352021214,0.0,0.003685370448550662
2023-05-30,99.01244729515585,0.0,1.0,0.9922330539649258,-0.0,-0.0019225389810294535
2023-05-31,98.0672610202052,0.0,1.0,0.9827610624145674,-0.0,-0.009546135872523731
2023-06-01,99.45896092911907,0.0,1.0,0.9967076993127333,0.0,0.014191279479368157
2023-06-02,99.02451773067251,0.0,1.0,0.9923540153735423,-0.0,-0.004368064922336878
2023-06-05,99.44925763751493,0.0,1.0,0.9966104597542244,0.0,0.0042892398425775635
2023-06-06,99.28786977872508,0.0,1.0,0.99499314423103,-0.0,-0.0016228161237572536
2023-06-07,98.76673693709418,0.0,1.0,0.9897707177069041,-0.0,-0.005248706038233131
2023-06-08,98.67764028480214,0.0,1.0,0.988877853770936,-0.0,-0.0009020916864833639
2023-06-09,99.34657681440058,0.0,1.0,0.9955814648198937,0.0,0.006779008169102596
2023-06-12,98.83757896233047,0.0,1.0,0.9904806466195761,-0.0,-0.005123456372543411
2023-06-13,97.574950988569,0.0,1.0,0.9778274778044248,-0.0,-0.012774776426309309
2023-06-14,99.01968014952698,0.0,1.0,0.9923055365403758,0.0,0.014806352924811916
2023-06-15,99.39808580170272,0.0,1.0,0.996097651634518,0.0,0.003821519637352111
2023-06-16,98.66524803263688,0.0,1.0,0.9887536673423873,-0.0,-0.007372755351927385
2023-06-19,98.61711791063527,1.0,0.9992121876956547,0.9882713411374912,-0.0007878123043453585,-0.0004878123043453586
2023-06-20,97.41167722533277,1.0,0.9869983748220119,0.9761912630743182,-0.012223442652165573,-0.012223442652165573
2023-06-21,97.37975019153863,0.0,0.9867022753095653,0.9758713128144165,-0.0003,-0.0003277536605830189
2023-06-22,98.06906001562079,0.0,0.9867022753095653,0.9827790906803469,0.0,0.007078574577633834
2023-06-23,96.57906480578302,0.0,0.9867022753095653,0.9678474074643643,-0.0,-0.015193326107137528
2023-06-26,97.26295914736689,0.0,0.9867022753095653,0.9747009151765436,0.0,0.007081186206960632
2023-06-27,97.9028680281847,0.0,0.9867022753095653,0.9811136315613874,0.0,0.006579163192518722
2023-06-28,97.6973600023049,0.0,0.9867022753095653,0.9790541747788968,-0.0,-0.002099101180780827
2023-06-29,97.7825169603752,0.0,0.9867022753095653,0.9799075578724444,0.0,0.0008716403193320676
2023-06-30,97.52494620404099,0.0,0.9867022753095653,0.9773263650512257,-0.0,-0.0026341186987300924
2023-07-03,97.17854157666619,0.0,0.9867022753095653,0.9738549417027748,-0.0,-0.00355195917411788
2023-07-04,95.74078888583036,0.0,0.9867022753095653,0.9594467962397939,-0.0,-0.014794960569577631
2023-07-05,96.99476287270376,0.0,0.9867022753095653,0.9720132408897166,0.0,0.013097594050209382
2023-07-06,96.47035348010664,0.0,0.9867022753095653,0.966757979078104,-0.0,-0.005406574304278267
2023-07-07,96.56791237240748,0.0,0.9867022753095653,0.9677356456270434,0.0,0.001011283661575435
2023-07-10,96.38389112769818,0.0,0.9867022753095653,0.9658915142413396,-0.0,-0.0019056148174730891
2023-07-11,96.72592122492955,0.0,0.9867022753095653,0.9693190991278351,0.0,0.0035486230450918477
2023-07-12,97.15440314177741,0.0,0.9867022753095653,0.9736130432988677,0.0,0.004429856148399525
2023-07-13,96.35121922583858,0.0,0.9867022753095653,0.9655640994379832,-0.0,-0.008267087131056172
2023-07-14,96.61681132498101,0.0,0.9867022753095653,0.9682256765107676,0.0,0.0027564996195836855
2023-07-17,96.39305375367483,0.0,0.9867022753095653,0.9659833356294937,-0.0,-0.0023159279243190056
2023-07-18,95.6977440742997,0.0,0.9867022753095653,0.9590154314369921,-0.0,-0.007213275773500616
2023-07-19,96.67823869705144,0.0,0.9867022753095653,0.9688412583961924,0.0,0.010245744371889076
2023-07-20,97.57522513775172,0.0,0.9867022753095653,0.9778302251345664,0.0,0.009278059393604154
2023-07-21,96.8521433054906,0.0,0.9867022753095653,0.9705840079740893,-0.0,-0.007410506419434859
2023-07-24,96.59778817649826,0.0,0.9867022753095653,0.9680350399066768,-0.0,-0.0026262209622976984
2023-07-25,95.79878850535619,0.0,0.9867022753095653,0.9600280276019416,-0.0,-0.0082714075158965
2023-07-26,94.90954818869454,0.0,0.9867022753095653,0.9511166870663453,-0.0,-0.009282375388410258
2023-07-27,94.14462910268888,0.0,0.9867022753095653,0.9434512063972236,-0.0,-0.008059453454407839
2023-07-28,94.54080668824908,0.0,0.9867022753095653,0.9474214192984461,0.0,0.004208180427670127
2023-07-31,93.4528115308095,0.0,0.9867022753095653,0.9365182976480217,-0.0,-0.011508206832074874
2023-08-01,92.34298380067847,0.0,0.9867022753095653,0.9253963853215829,-0.0,-0.011875808891690154
2023-08-02,92.53273957470006,0.0,0.9867022753095653,0.9272979841236372,0.0,0.0020549019125393198
2023-08-03,91.97860487318485,0.0,0.9867022753095653,0.9217448361890817,-0.0,-0.005988525834878855
2023-08-04,92.86435646237507,0.0,0.9867022753095653,0.930621215153603,0.0,0.009629974170748179
2023-08-07,92.13028203428124,0.0,0.9867022753095653,0.9232648379351526,-0.0,-0.007904802833488156
2023-08-08,91.74982225911235,0.0,0.9867022753095653,0.919452137866228,-0.0,-0.004129584396879604
2023-08-09,91.15985392617283,0.0,0.9867022753095653,0.913539890500095,-0.0,-0.0064301850228480895
2023-08-10,89.46549612274349,0.0,0.9867022753095653,0.896560229217768,-0.0,-0.018586666503453864
2023-08-11,89.69339527815487,0.0,0.9867022753095653,0.8988440741397683,0.0,0.0025473413247349974
2023-08-14,90.17256867516595,0.0,0.9867022753095653,0.9036460126443053,0.0,0.005342348737329861
2023-08-15,90.8435336283566,0.0,0.9867022753095653,0.9103699511267386,0.0,0.007440898746133184
2023-08-16,90.68665908689002,0.0,0.9867022753095653,0.9087978648929268,-0.0,-0.0017268652506226
2023-08-17,91.15305115326532,0.0,0.9867022753095653,0.9134717178983481,0.0,0.005142896111416384
2023-08-18,91.02185158424186,0.0,0.9867022753095653,0.9121569281662757,-0.0,-0.0014393327196789985
2023-08-21,90.93555605656285,0.0,0.9867022753095653,0.9112921351295253,-0.0,-0.000948074843315494
2023-08-22,90.33754302647031,0.0,0.9867022753095653,0.9052992694710218,-0.0,-0.006576228881479129
2023-08-23,90.20790466022528,0.0,0.9867022753095653,0.9040001250142962,-0.0,-0.0014350441898453026
2023-08-24,89.51525882651619,0.0,0.9867022753095653,0.8970589160080333,-0.0,-0.007678327484913816
2023-08-25,89.93245680724459,0.0,0.9867022753095653,0.9012397805138075,0.0,0.004660635362033094
2023-08-28,89.43618419484343,0.0,0.9867022753095653,0.8962664857084174,-0.0,-0.005518281497244537
2023-08-29,88.68057376730789,0.0,0.9867022753095653,0.8886942898623097,-0.0,-0.008448598677794572
2023-08-30,88.59500229649755,0.0,0.9867022753095653,0.8878367528138484,-0.0,-0.0009649404280454021
2023-08-31,88.54559957716735,0.0,0.9867022753095653,0.8873416735342802,-0.0,-0.0005576242231459805
2023-09-01,87.35056964529298,0.0,0.9867022753095653,0.8753659247140485,-0.0,-0.013496209157552896
2023-09-04,86.6010867217385,0.0,0.9867022753095653,0.8678551343998149,-0.0,-0.008580172133941799
2023-09-05,86.1932856738038,0.0,0.9867022753095653,0.8637684393401914,-0.0,-0.00470895993770859
2023-09-06,86.45523398734191,0.0,0.9867022753095653,0.866393500958435,0.0,0.003039080265827776
2023-09-07,86.81672744374968,0.0,0.9867022753095653,0.8700161339307378,0.0,0.004181279024248585
2023-09-08,87.36436657310416,0.0,0.9867022753095653,0.8755041878131982,0.0,0.006307990930771945
2023-09-11,87.1824018536109,0.0,0.9867022753095653,0.8736806654756637,-0.0,-0.0020828253741300706
2023-09-12,86.60692895172313,0.0,0.9867022753095653,0.8679136811164953,-0.0,-0.006600792013668588
2023-09-13,85.62252131488015,0.0,0.9867022753095653,0.8580486406843626,-0.0,-0.011366384292320508
2023-09-14,85.70010822410549,0.0,0.9867022753095653,0.8588261620767879,0.0,0.0009061507186878259
2023-09-15,85.42550262963101,0.0,0.9867022753095653,0.8560742580981999,-0.0,-0.003204261933443364
2023-09-18,85.72387121899936,0.0,0.9867022753095653,0.8590642980853304,0.0,0.0034927343730355442
2023-09-19,86.42257307434224,0.0,0.9867022753095653,0.8660661962776977,0.0,0.008150610155692739
2023-09-20,87.82216396233575,0.0,0.9867022753095653,0.8800919110139015,0.0,0.016194737534481307
2023-09-21,87.22441819678329,0.0,0.9867022753095653,0.8741017236924965,-0.0,-0.006806320165474555
2023-09-22,87.63503092786648,0.0,0.9867022753095653,0.8782165954615482,0.0,0.004707543364254052
2023-09-25,86.5036091752416,0.0,0.9867022753095653,0.8668782830412647,-0.0,-0.012910610524644706
2023-09-26,87.25054746709439,0.0,0.9867022753095653,0.874363572847698,0.0,0.00863476447947531
2023-09-27,86.43171047331523,0.0,0.9867022753095653,0.8661577648585775,-0.0,-0.009384892330767003
2023-09-28,86.36877654653975,0.0,0.9867022753095653,0.8655270853423315,-0.0,-0.0007281346907385133
2023-09-29,85.64460307832566,0.0,0.9867022753095653,0.8582699285747136,-0.0,-0.0083846674361987
2023-10-02,86.75220635577988,0.0,0.9867022753095653,0.8693695490021721,0.0,0.01293255193723386
2023-10-03,87.17378328205172,0.0,0.9867022753095653,0.8735942962179327,0.0,0.004859552788120558
2023-10-04,87.8436570984386,0.0,0.9867022753095653,0.8803073000953474,0.0,0.007684349481764441
2023-10-05,87.78974903185836,0.0,0.9867022753095653,0.8797670713968607,-0.0,-0.0006136819476882938
2023-10-06,88.10666735375447,0.0,0.9867022753095653,0.8829430037466088,0.0,0.003609969562404114
2023-10-09,87.38197407197026,0.0,0.9867022753095653,0.8756806377732774,-0.0,-0.008225180948843724
2023-10-10,87.09824282471135,0.0,0.9867022753095653,0.8728372829258434,-0.0,-0.003247022629921603
2023-10-11,88.11316260532904,0.0,0.9867022753095653,0.8830080945860151,0.0,0.011652586179726532
2023-10-12,86.87200966712214,0.0,0.9867022753095653,0.8705701334613554,-0.0,-0.01408589706133001
2023-10-13,86.97813640702739,0.0,0.9867022753095653,0.8716336609482543,0.0,0.0012216448118549383
2023-10-16,87.88876343725882,0.0,0.9867022753095653,0.8807593240735788,0.0,0.010469608430905053
2023-10-17,88.71759652791272,0.0,0.9867022753095653,0.8890653059095307,0.0,0.009430478462079783
2023-10-18,89.263654212813,0.0,0.9867022753095653,0.8945375116688175,0.0,0.006155009899625474
2023-10-19,89.34806013062165,0.0,0.9867022753095653,0.8953833683655046,0.0,0.0009455799065476445
2023-10-20,90.39604745841461,0.0,0.9867022753095653,0.9058855597078999,0.0,0.011729267834812207
2023-10-23,90.26684234210934,0.0,0.9867022753095653,0.9045907569771149,-0.0,-0.0014293226301150819
2023-10-24,90.31896760473252,0.0,0.9867022753095653,0.905113119669223,0.0,0.0005774574724306536
2023-10-25,89.19364843553649,0.0,0.9867022753095653,0.8938359630445804,-0.0,-0.012459389196307291
2023-10-26,89.50323250611392,0.0,0.9867022753095653,0.8969383966900415,0.0,0.003470920586920334
2023-10-27,89.36682452503787,0.0,0.9867022753095653,0.8955714119184723,-0.0,-0.0015240564754656072
2023-10-30,89.45959729594016,0.0,0.9867022753095653,0.8965011153276079,0.0,0.001038111977183398
2023-10-31,87.94499821431224,0.0,0.9867022753095653,0.8813228694267042,-0.0,-0.016930537666266177
2023-11-01,87.20919421449477,0.0,0.9867022753095653,0.8739491596578496,-0.0,-0.008366638407614646
2023-11-02,87.20048594355205,0.0,0.9867022753095653,0.8738618914960347,-0.0,-9.985496393072335e-05
2023-11-03,86.45578366951436,0.0,0.9867022753095653,0.8663990094862573,-0.0,-0.008540116101185102
2023-11-06,87.00114213689652,0.0,0.9867022753095653,0.8718642081797422,0.0,0.006307946608486548
2023-11-07,88.55980486957556,0.0,0.9867022753095653,0.8874840289759817,0.0,0.01791542840008331
2023-11-08,88.63858686943902,0.0,0.9867022753095653,0.8882735267255824,0.0,0.0008895909377790723
2023-11-09,89.05231203042005,0.0,0.9867022753095653,0.8924195890762948,0.0,0.004667551408400028
2023-11-10,88.8392138688345,0.0,0.9867022753095653,0.8902840692963016,-0.0,-0.0023929548456053107
2023-11-13,88.60882234277967,0.0,0.9867022753095653,0.8879752475900411,-0.0,-0.0025933539483474766
2023-11-14,87.68108638628196,0.0,0.9867022753095653,0.8786781308482976,-0.0,-0.01047001790531421
2023-11-15,88.1474520235481,0.0,0.9867022753095653,0.8833517189997897,0.0,0.0053188852520775765
2023-11-16,87.30449148152289,0.0,0.9867022753095653,0.8749041617902172,-0.0,-0.009563073267279676
2023-11-17,87.02692771576434,0.0,0.9867022753095653,0.8721226131012164,-0.0,-0.0031792610099250496
2023-11-20,86.69691874786551,0.0,0.9867022753095653,0.8688154955114656,-0.0,-0.003792032840417736
2023-11-21,85.9231295818943,0.0,0.9867022753095653,0.8610611251443961,-0.0,-0.008925221070676836
2023-11-22,85.50071095224666,0.0,0.9867022753095653,0.856827942969861,-0.0,-0.004916238871921275
2023-11-23,85.47415654230727,0.0,0.9867022753095653,0.8565618333645518,-0.0,-0.0003105753115225651
2023-11-24,86.24756321061614,0.0,0.9867022753095653,0.8643123706092816,0.0,0.009048427028654604
2023-11-27,86.29084304942005,0.0,0.9867022753095653,0.8647460906899851,0.0,0.0005018094099449311
2023-11-28,87.23542024289,0.0,0.9867022753095653,0.8742119784544637,0.0,0.010946436030633944
2023-11-29,87.5173240829541,0.0,0.9867022753095653,0.8770370203132658,0.0,0.003231529569975189
2023-11-30,87.66082600684442,0.0,0.9867022753095653,0.878475095586439,0.0,0.0016396973444285923
2023-12-01,88.04663030750824,0.0,0.9867022753095653,0.8823413547279723,0.0,0.004401102730126061
2023-12-04,87.8924892504034,0.0,0.9867022753095653,0.8807966615503904,-0.0,-0.0017506752565826789
2023-12-05,88.58030649571084,0.0,0.9867022753095653,0.8876894818424361,0.0,0.007825665778424806
2023-12-06,88.7254709940679,0.0,0.9867022753095653,0.889144218266663,0.0,0.0016387897502261328
2023-12-07,88.85564076822025,0.0,0.9867022753095653,0.8904486881193886,0.0,0.001467107164311976
2023-12-08,90.18266756096756,0.0,0.9867022753095653,0.9037472165694107,0.0,0.014934637590525712
2023-12-11,89.63220415165793,0.0,0.9867022753095653,0.8982308597411924,-0.0,-0.006103871444449016
2023-12-12,88.99527977958824,0.0,0.9867022753095653,0.8918480520022879,-0.0,-0.007105976898571065
2023-12-13,88.99901330984204,0.0,0.9867022753095653,0.8918854668145363,0.0,4.195200310674885e-05
2023-12-14,89.26430392424027,0.0,0.9867022753095653,0.8945440226194231,0.0,0.002980826466858044
2023-12-15,89.09766862239974,0.0,0.9867022753095653,0.8928741209155422,-0.0,-0.001866763023010365
2023-12-18,89.79444544494847,0.0,0.9867022753095653,0.8998567277842376,0.0,0.007820370985257785
2023-12-19,90.09970314122894,0.0,0.9867022753095653,0.9029158055517408,0.0,0.00339951647084491
2023-12-20,90.4232213375383,1.0,0.9899491857385118,0.9061578771973424,0.003290668837190725,0.0035906688371907247
2023-12-21,89.57430054528932,1.0,0.9806552407251362,0.8976505905553251,-0.009388305124411134,-0.009388305124411134
2023-12-22,90.84490189509987,1.0,0.994565724703006,0.9103836629329448,0.014184887206215135,0.014184887206215135
2023-12-25,90.98097484670282,1.0,0.996055444994407,0.911747290274955,0.001497860075407198,0.001497860075407198
2023-12-26,90.42517268708778,1.0,0.9899705490218478,0.9061774322490125,-0.006108993232393223,-0.006108993232393223
2023-12-27,91.48641057423691,1.0,1.0015889316310727,0.9168124113704789,0.011736089139928962,0.011736089139928962
2023-12-28,91.5630545112879,1.0,1.0024280258587843,0.9175804829595116,0.0008377630794553781,0.0008377630794553781
2023-12-29,91.12872779050791,1.0,0.997673037292566,0.9132279662775087,-0.004743471295253099,-0.004743471295253099
2024-01-01,90.34146493060676,1.0,0.9890541204303576,0.9053385720337296,-0.008639019538503323,-0.008639019538503323
2024-01-02,90.34368736571265,1.0,0.9890784515456496,0.9053608437140344,2.4600388178308563e-05,2.4600388178308563e-05
2024-01-03,89.89803177263994,1.0,0.9841994350169716,0.9008947970480742,-0.0049328913404729224,-0.0049328913404729224
2024-01-04,89.20985343921689,1.0,0.9766652909029063,0.8939983581850964,-0.007655099003318733,-0.007655099003318733
2024-01-05,89.15428396649165,1.0,0.9760569189220971,0.8934414800436541,-0.0006229073424395271,-0.0006229073424395271
2024-01-08,88.99924439397078,1.0,0.9743595529545505,0.8918877825770193,-0.0017390030587777217,-0.0017390030587777217
2024-01-09,88.62228089232633,1.0,0.9702325742207023,0.8881101197004014,-0.004235580922190341,-0.004235580922190341
2024-01-10,89.28928857891461,0.0,0.9699415044484361,0.8947944012423843,-0.0003,0.007526410738611711
2024-01-11,90.34907622587586,1.0,0.9811628998091497,0.9054148470774819,0.011569146499298156,0.011869146499298155
2024-01-12,91.38855631832841,1.0,0.99245133068646,0.9158317848953638,0.011505154627744263,0.011505154627744263
2024-01-15,91.1293681458749,1.0,0.989636627653471,0.9132343834682635,-0.0028361119038875504,-0.0028361119038875504
2024-01-16,90.76480998731643,1.0,0.9856776393058084,0.9095810382081871,-0.004000446463920615,-0.004000446463920615
2024-01-17,89.65266372843608,1.0,0.9736000764356922,0.8984358912185874,-0.012253055551328274,-0.012253055551328274
2024-01-18,89.47134736198554,1.0,0.9716310370241025,0.8966188662188846,-0.002022431447210149,-0.002022431447210149
2024-01-19,88.79828763200608,1.0,0.964321817450452,0.8898739353579442,-0.007522628750144755,-0.007522628750144755
2024-01-22,88.9260697123321,1.0,0.9657094911457853,0.8911544774237908,0.001439015140196842,0.001439015140196842
2024-01-23,88.73667290847017,1.0,0.963652700694191,0.8892564759680051,-0.002129823171929335,-0.002129823171929335
2024-01-24,89.1819750686606,1.0,0.9684885438155021,0.8937189807783931,0.005018242690367103,0.005018242690367103
2024-01-25,89.1472583989184,1.0,0.9681115315672437,0.8933710747505871,-0.0003892789962935961,-0.0003892789962935961
2024-01-26,89.46697921960636,1.0,0.9715836003548792,0.8965750917706059,0.0035864346972653838,0.0035864346972653838
2024-01-29,89.89315103310699,1.0,0.9762116938542066,0.9008458857119268,0.004763453703455767,0.004763453703455767
2024-01-30,88.1826658047949,1.0,0.9576363556571044,0.8837046067291878,-0.01902798164992725,-0.01902798164992725
2024-01-31,87.47130503046594,0.0,0.9573490647504073,0.8765758497610949,-0.0003,-0.008066900312399872
2024-02-01,87.6343043096745,0.0,0.9573490647504073,0.8782093138054798,0.0,0.001863460012992757
2024-02-02,87.62611634760432,0.0,0.9573490647504073,0.8781272598129507,-0.0,-9.343329800681754e-05
2024-02-05,87.74936334740859,0.0,0.9573490647504073,0.8793623544939584,0.0,0.0014065098961519862
2024-02-06,87.39288471092812,0.0,0.9573490647504073,0.8757899765171383,-0.0,-0.004062464078162464
2024-02-07,87.8722185041185,0.0,0.9573490647504073,0.8805935223992848,0.0,0.005484814865373666
2024-02-08,87.53552277802203,0.0,0.9573490647504073,0.877219394825549,-0.0,-0.003831651593964258
2024-02-09,87.33722267171109,0.0,0.9573490647504073,0.8752321707394709,-0.0,-0.002265367247692107
2024-02-12,86.8726067917887,0.0,0.9573490647504073,0.8705761174244596,-0.0,-0.005319792245613519
2024-02-13,87.32119937277392,0.0,0.9573490647504073,0.8750715965159934,0.0,0.005163797859322639
2024-02-14,87.85363378777404,0.0,0.9573490647504073,0.8804072794534806,0.0,0.0060974244378753095
2024-02-15,87.78918267587147,0.0,0.9573490647504073,0.8797613957758064,-0.0,-0.0007336191927844737
2024-02-16,88.0109054532956,0.0,0.9573490647504073,0.8819833453850441,0.0,0.0025256275393605865
2024-02-19,86.5497714314561,0.0,0.9573490647504073,0.8673408886803827,-0.0,-0.01660173832224565
2024-02-20,87.17240485446165,0.0,0.9573490647504073,0.8735804825868719,0.0,0.007193934919847322
2024-02-21,85.77407325587914,0.0,0.9573490647504073,0.8595673875627571,-0.0,-0.016040989128578986
2024-02-22,85.32830193875188,0.0,0.9573490647504073,0.855100181191778,-0.0,-0.005197040320067958
2024-02-23,83.65847557947347,0.0,0.9573490647504073,0.8383663567755523,-0.0,-0.01956943149386703
2024-02-26,83.21563592299533,0.0,0.9573490647504073,0.833928529444063,-0.0,-0.0052934224943825825
2024-02-27,82.73577665306459,0.0,0.9573490647504073,0.829119717603897,-0.0,-0.005766455601862952
2024-02-28,84.01240978667157,0.0,0.9573490647504073,0.8419132362730759,0.0,0.015430242940249084
2024-02-29,83.1861266032124,0.0,0.9573490647504073,0.8336328078122024,-0.0,-0.009835251548637958
2024-03-01,81.37209250804786,0.0,0.9573490647504073,0.8154538349717878,-0.0,-0.021806930665461355
2024-03-04,81.38381380008525,0.0,0.9573490647504073,0.81557129751021,0.0,0.00014404560182890158
2024-03-05,81.10337168456526,0.0,0.9573490647504073,0.8127609040259112,-0.0,-0.0034459200475523977
2024-03-06,81.77852466946975,0.0,0.9573490647504073,0.819526812014311,0.0,0.008324598236560954
2024-03-07,82.22203083514195,0.0,0.9573490647504073,0.8239713186318011,0.0,0.005423259559459659
2024-03-08,81.02297935530109,0.0,0.9573490647504073,0.8119552686885343,-0.0,-0.014583092483388072
2024-03-11,80.71133206771886,0.0,0.9573490647504073,0.8088321589345071,-0.0,-0.003846406168496963
2024-03-12,80.42061845107897,0.0,0.9573490647504073,0.8059188316958833,-0.0,-0.0036018934292395555
2024-03-13,80.39767309739155,0.0,0.9573490647504073,0.805688889511991,-0.0,-0.00028531680220011957
2024-03-14,80.10014810692412,0.0,0.9573490647504073,0.8027073034792537,-0.0,-0.003700666686049625
2024-03-15,79.93532489218101,0.0,0.9573490647504073,0.8010555612367722,-0.0,-0.0020577142319773145
2024-03-18,80.01379466708828,0.0,0.9573490647504073,0.8018419300876306,0.0,0.0009816658031114311
2024-03-19,78.77235937568405,0.0,0.9573490647504073,0.7894011394179699,-0.0,-0.015515265793472732
2024-03-20,78.07351722263779,0.0,0.9573490647504073,0.7823978352607719,-0.0,-0.008871667150571305
2024-03-21,78.84499372399478,0.0,0.9573490647504073,0.7901290297309147,0.0,0.009881410865056894
2024-03-22,79.54474427751495,0.0,0.9573490647504073,0.7971414372382578,0.0,0.008875015653748708
2024-03-25,79.60507451978485,0.0,0.9573490647504073,0.7977460244610688,0.0,0.0007584441036030398
2024-03-26,79.8974232218893,0.0,0.9573490647504073,0.8006757373753155,0.0,0.003672488266207141
2024-03-27,80.48429860152184,0.0,0.9573490647504073,0.8065569893404724,0.0,0.007345360538132617
2024-03-28,81.35865041834082,0.0,0.9573490647504073,0.8153191278103545,0.0,0.010863632186793204
2024-03-29,81.25305802679785,0.0,0.9573490647504073,0.8142609551866256,-0.0,-0.0012978631159689114
2024-04-01,80.77863454243203,0.0,0.9573490647504073,0.8095066169632534,-0.0,-0.00583883851127609
2024-04-02,81.50179746010821,0.0,0.9573490647504073,0.8167536467046861,0.0,0.008952403339973714
2024-04-03,81.26157810103712,0.0,0.9573490647504073,0.8143463373735463,-0.0,-0.0029474117940609945
2024-04-04,80.63722746728021,0.0,0.9573490647504073,0.8080895347896165,-0.0,-0.007683220635718024
2024-04-05,80.95605121465856,0.0,0.9573490647504073,0.8112845619723579,0.0,0.003953803440324366
2024-04-08,80.77859510060755,0.0,0.9573490647504073,0.8095062217050509,-0.0,-0.002192005555958776
2024-04-09,80.66126081407108,0.0,0.9573490647504073,0.8083303800745758,-0.0,-0.0014525418075211904
2024-04-10,80.53643022572624,0.0,0.9573490647504073,0.8070794157838698,-0.0,-0.0015475903436792393
2024-04-11,80.96580266541523,0.0,0.9573490647504073,0.8113822841479953,0.0,0.005331406401867467
2024-04-12,80.98422295243807,0.0,0.9573490647504073,0.8115668792988767,0.0,0.00022750700192486484
2024-04-15,80.98833936937552,0.0,0.9573490647504073,0.8116081311319626,0.0,5.082986274840273e-05
2024-04-16,80.00870661880349,0.0,0.9573490647504073,0.8017909412490931,-0.0,-0.012095972805468702
2024-04-17,79.03416204580769,0.0,0.9573490647504073,0.7920247415004291,-0.0,-0.012180481527328646
2024-04-18,78.24389273759797,0.0,0.9573490647504073,0.7841052187478788,-0.0,-0.009999085050736434
2024-04-19,77.76385619078333,0.0,0.9573490647504073,0.7792946303635637,-0.0,-0.006135131190679877
2024-04-22,78.4059283674473,0.0,0.9573490647504073,0.7857290257766784,0.0,0.00825669158032416
2024-04-23,77.97137920572749,0.0,0.9573490647504073,0.7813742799481481,-0.0,-0.005542299807781315
2024-04-24,77.62234605258915,0.0,0.9573490647504073,0.7778765153646602,-0.0,-0.004476426564386071
2024-04-25,78.8188736884765,0.0,0.9573490647504073,0.7898672731203068,0.0,0.015414731668593307
2024-04-26,78.98393568291752,0.0,0.9573490647504073,0.7915214082448485,0.0,0.00209419377259068
2024-04-29,78.6740585655177,0.0,0.9573490647504073,0.788416037890403,-0.0,-0.003923292942046186
2024-04-30,79.03660265555031,0.0,0.9573490647504073,0.7920491995733745,0.0,0.004608178307347499
2024-05-01,79.04671376511342,0.0,0.9573490647504073,0.7921505259964138,0.0,0.0001279294557634536
2024-05-02,79.96474988794213,0.0,0.9573490647504073,0.8013504378326403,0.0,0.011613842993608126
2024-05-03,80.38518038590635,0.0,0.9573490647504073,0.8055636963508492,0.0,0.005257697905056702
2024-05-06,79.82108401693064,0.0,0.9573490647504073,0.7999107195968177,-0.0,-0.007017417467593434
2024-05-07,80.58195597456694,0.0,0.9573490647504073,0.8075356427941123,0.0,0.009532217796928366
2024-05-08,79.83646267795729,0.0,0.9573490647504073,0.8000648337129033,-0.0,-0.009251367599527383
2024-05-09,81.13307127918065,0.0,0.9573490647504073,0.8130585324582124,0.0,0.016240807241843846
2024-05-10,81.50156343375494,0.0,0.9573490647504073,0.8167513014573001,0.0,0.004541824298827546
2024-05-13,80.22203072606503,0.0,0.9573490647504073,0.8039287252976127,-0.0,-0.015699486657454464
2024-05-14,81.72463967131344,0.0,0.9573490647504073,0.8189868144913316,0.0,0.018730627131334776
2024-05-15,81.30612070897901,0.0,0.9573490647504073,0.8147927120377138,-0.0,-0.0051210866639199715
2024-05-16,79.89029005736819,0.0,0.9573490647504073,0.800604253821373,-0.0,-0.017413580174099552
2024-05-17,81.21859245379854,0.0,0.9573490647504073,0.8139155654736353,0.0,0.01662658122127869
2024-05-20,80.71841150943338,0.0,0.9573490647504073,0.8089031041162966,-0.0,-0.00615845373889834
2024-05-21,80.68035028491504,0.0,0.9573490647504073,0.8085216813146876,-0.0,-0.0004715308912378591
2024-05-22,80.58121261445318,0.0,0.9573490647504073,0.807528193362288,-0.0,-0.0012287709474706476
2024-05-23,80.6945892807361,0.0,0.9573490647504073,0.8086643745082697,0.0,0.0014069863508430203
2024-05-24,81.13656922180888,0.0,0.9573490647504073,0.8130935863771025,0.0,0.00547719425815707
2024-05-27,80.04122556115902,0.0,0.9573490647504073,0.802116823199965,-0.0,-0.01349999970611826
2024-05-28,81.80535776048589,0.0,0.9573490647504073,0.8197957143652135,0.0,0.02204029469762303
2024-05-29,82.31542678124639,0.0,0.9573490647504073,0.8249072670641725,0.0,0.006235154209017768
2024-05-30,82.38211170124666,0.0,0.9573490647504073,0.8255755363942703,0.0,0.0008101144901730972
2024-05-31,82.87250469313896,0.0,0.9573490647504073,0.8304899097814646,0.0,0.00595266353053292
2024-06-03,83.01628413412706,0.0,0.9573490647504073,0.8319307661356533,0.0,0.0017349474535672815
2024-06-04,83.63431077900775,0.0,0.9573490647504073,0.8381241941543915,0.0,0.007444643557909192
2024-06-05,84.12876857826568,0.0,0.9573490647504073,0.8430793021798699,0.0,0.005912140539598321
2024-06-06,84.75152167531151,1.0,0.9641485214085657,0.8493200953753547,0.0071023797990872,0.0074023797990872
2024-06-07,85.14022556569986,1.0,0.9685704866284877,0.8532154121641455,0.004586394234636915,0.004586394234636915
2024-06-10,85.08897616440838,1.0,0.9679874642413787,0.8527018267378028,-0.000601941103056336,-0.000601941103056336
2024-06-11,85.28806782088265,1.0,0.9702523666575246,0.8546969831824619,0.0023398055241561355,0.0023398055241561355
2024-06-12,85.0488511080883,1.0,0.967530994399213,0.8522997216665656,-0.0028048086784746573,-0.0028048086784746573
2024-06-13,85.41464830759219,1.0,0.9716923689924412,0.8559654837228614,0.00430102458455317,0.00430102458455317
2024-06-14,84.47145283596879,1.0,0.96096240802668,0.8465134426021632,-0.01104254937896365,-0.01104254937896365
2024-06-17,83.47276737222514,1.0,0.9496011829514591,0.836505319838701,-0.011822757040570342,-0.011822757040570342
2024-06-18,84.06092649943719,1.0,0.9562921867428358,0.8423994366184961,0.007046119899072112,0.007046119899072112
2024-06-19,82.97820770032884,1.0,0.9439749833625729,0.8315491909173471,-0.012880167328581549,-0.012880167328581549
2024-06-20,83.17682591957008,0.0,0.9436917908675642,0.8335396029072997,-0.0003,0.002393619056687113
2024-06-21,83.60018511041308,0.0,0.9436917908675642,0.837782210724093,0.0,0.005089869517891588
2024-06-24,82.01156702370855,1.0,0.9254761172089873,0.8218621984547683,-0.019302566616406315,-0.019002566616406313
2024-06-25,82.06088400756049,0.0,0.9251984743738246,0.8223564185537208,-0.0003,0.0006013418063048892
2024-06-26,83.06202990123654,0.0,0.9251984743738246,0.8323891980141193,0.0,0.012200037883869363
2024-06-27,82.59068053798123,0.0,0.9251984743738246,0.827665666468706,-0.0,-0.005674667038787273
2024-06-28,83.5634849574956,0.0,0.9251984743738246,0.8374144276240375,0.0,0.011778622154190899
2024-07-01,82.70290865226771,1.0,0.9153927831950197,0.8287903376350215,-0.010598473138902975,-0.010298473138902975
2024-07-02,81.11311116573667,0.0,0.9151181653600612,0.8128585062507908,-0.0003,-0.019222993633942087
2024-07-03,80.38381385207538,0.0,0.9151181653600612,0.8055500019106706,-0.0,-0.008991115038987196
2024-07-04,79.7148034413221,0.0,0.9151181653600612,0.7988456504767825,-0.0,-0.008322700537503835
2024-07-05,80.15625338893062,0.0,0.9151181653600612,0.8032695511241679,0.0,0.005537866601320385
2024-07-08,79.84033641595627,0.0,0.9151181653600612,0.8001036535884847,-0.0,-0.003941264213553897
2024-07-09,79.25206768325829,0.0,0.9151181653600612,0.7942084384196586,-0.0,-0.007368064303151067
2024-07-10,78.64843750765586,0.0,0.9151181653600612,0.7881592816826481,-0.0,-0.00761658582858582
2024-07-11,79.34260878959195,0.0,0.9151181653600612,0.7951157776573103,0.0,0.008826256489437911
2024-07-12,77.98691352248946,0.0,0.9151181653600612,0.7815299539364505,-0.0,-0.017086598081210713
2024-07-15,76.96780131462545,0.0,0.9151181653600612,0.7713171287213796,-0.0,-0.013067733570070406
2024-07-16,76.47112833778132,0.0,0.9151181653600612,0.7663398217453504,-0.0,-0.006452996816342038
2024-07-17,76.30272508593879,0.0,0.9151181653600612,0.7646522028909731,-0.0,-0.002202180816512578
2024-07-18,76.60291985818603,0.0,0.9151181653600612,0.7676605435975031,0.0,0.003934260171037485
2024-07-19,77.19264389193566,0.0,0.9151181653600612,0.7735703427691123,0.0,0.007698453725280663
2024-07-22,76.62414726078772,0.0,0.9151181653600612,0.7678732696848448,-0.0,-0.00736464774990464
2024-07-23,76.81962921805872,0.0,0.9151181653600612,0.7698322522648818,0.0,0.0025511795466470755
2024-07-24,76.04240871594116,0.0,0.9151181653600612,0.7620434954622006,-0.0,-0.01011747270884833
2024-07-25,77.61161370090046,0.0,0.9151181653600612,0.7777689632903181,0.0,0.020635918975437928
2024-07-26,77.51875788058322,0.0,0.9151181653600612,0.7768384276184026,-0.0,-0.0011964165656326298
2024-07-29,76.53126562936409,0.0,0.9151181653600612,0.7669424753521888,-0.0,-0.012738752248073415
2024-07-30,77.11746022144341,0.0,0.9151181653600612,0.7728169049436797,0.0,0.0076595439427100676
2024-07-31,77.14290127049603,0.0,0.9151181653600612,0.7730718572298534,0.0,0.0003298999860674723
2024-08-01,77.8416328343885,0.0,0.9151181653600612,0.7800740531403936,0.0,0.009057626202603197
2024-08-02,78.35382822163133,0.0,0.9151181653600612,0.7852069147875328,0.0,0.006579967153727884
2024-08-05,77.1965051420121,0.0,0.9151181653600612,0.7736090374995237,-0.0,-0.01477047268635856
2024-08-06,77.59856762328229,0.0,0.9151181653600612,0.7776382246832947,0.0,0.00520829900952835
2024-08-07,77.30532178603272,0.0,0.9151181653600612,0.7746995213120986,-0.0,-0.003779010956403095
2024-08-08,76.94945304125534,0.0,0.9151181653600612,0.7711332552406367,-0.0,-0.004603418452384989
2024-08-09,76.92128273130386,0.0,0.9151181653600612,0.7708509522228053,-0.0,-0.00036608850145269933
2024-08-12,76.79834113783338,0.0,0.9151181653600612,0.7696189181091055,-0.0,-0.0015982779941402514
2024-08-13,76.90061844863713,0.0,0.9151181653600612,0.7706438693270834,0.0,0.0013317645835630998
2024-08-14,77.53722475648138,0.0,0.9151181653600612,0.7770234896501994,0.0,0.00827829893552079
2024-08-15,77.56238460466972,0.0,0.9151181653600612,0.7772756239392428,0.0,0.00032448734485091
2024-08-16,77.75842990801368,0.0,0.9151181653600612,0.7792402519770953,0.0,0.0025275822080921273
2024-08-19,78.71897250981469,0.0,0.9151181653600612,0.788866133826145,0.0,0.01235290634002384
2024-08-20,78.62305909728174,0.0,0.9151181653600612,0.78790495711722,-0.0,-0.0012184281561982147
2024-08-21,78.93439949688211,0.0,0.9151181653600612,0.791024991455905,0.0,0.003959912056018311
2024-08-22,79.05488956586811,0.0,0.9151181653600612,0.792232458116799,0.0,0.0015264582964333862
2024-08-23,79.88074037311603,0.0,0.9151181653600612,0.8005085536076241,0.0,0.0104465493757957
2024-08-26,79.35941598968202,0.0,0.9151181653600612,0.7952842075863698,-0.0,-0.006526283820091572
2024-08-27,79.59858727449529,0.0,0.9151181653600612,0.7976810138550154,0.0,0.003013773247075857
2024-08-28,80.35471305887427,0.0,0.9151181653600612,0.8052583742446588,0.0,0.009499236233571295
2024-08-29,80.63049092311405,0.0,0.9151181653600612,0.808022025885698,0.0,0.0034320060857877532
2024-08-30,81.13157763305053,0.0,0.9151181653600612,0.8130435641880428,0.0,0.006214605718006805
2024-09-02,81.17387806778005,0.0,0.9151181653600612,0.8134674693704953,0.0,0.0005213806505877105
2024-09-03,81.646419667663,0.0,0.9151181653600612,0.8182029486721999,0.0,0.005821350551816318
2024-09-04,81.68528004658286,0.0,0.9151181653600612,0.8185923800367126,0.0,0.0004759593755372382
2024-09-05,82.3833641176386,0.0,0.9151181653600612,0.8255880872298001,0.0,0.00854602041711372
2024-09-06,82.47884864736088,0.0,0.9151181653600612,0.8265449659770784,0.0,0.0011590268344217058
2024-09-09,82.37361011025367,1.0,0.9136759887687287,0.8254903394334336,-0.001575945758617003,-0.001275945758617003
2024-09-10,82.61187954866858,1.0,0.9163188383955174,0.8278781080322664,0.002892545781300715,0.002892545781300715
2024-09-11,82.53476014934911,1.0,0.9154634413413861,0.8271052716950471,-0.0009335146439083397,-0.0009335146439083397
2024-09-12,84.52588605181039,1.0,0.9375487175027605,0.8470589339769052,0.024124694842006855,0.024124694842006855
2024-09-13,85.1659344995378,1.0,0.9446480409093043,0.8534730490030789,0.007572218140784681,0.007572218140784681
2024-09-16,85.49616328575928,1.0,0.9483108901199553,0.8567823694573335,0.0038774750510519596,0.0038774750510519596
2024-09-17,85.54223309378567,1.0,0.9488218896663458,0.8572440486457827,0.0005388523444309623,0.0005388523444309623
2024-09-18,86.34040571055908,1.0,0.9576751031392344,0.8652427727937819,0.009330743282073506,0.009330743282073506
2024-09-19,86.22421241624846,1.0,0.9563863041789187,0.8640783653842732,-0.001345758030141031,-0.001345758030141031
2024-09-20,86.16370544950233,1.0,0.9557151697877566,0.8634720071531541,-0.0007017398599599156,-0.0007017398599599156
2024-09-23,85.98357282990509,1.0,0.9537171652193065,0.8616668448312,-0.002090585805908929,-0.002090585805908929
2024-09-24,85.93549082525328,1.0,0.9531838466833893,0.8611850008245148,-0.0005591998921342656,-0.0005591998921342656
2024-09-25,85.9180553992206,1.0,0.9529904554978058,0.8610102752572534,-0.00020288970092852132,-0.00020288970092852132
2024-09-26,85.40309739272375,1.0,0.9472786168988827,0.8558497285845011,-0.005993594758448517,-0.005993594758448517
2024-09-27,85.80595533508799,1.0,0.9517470580456324,0.8598868873194478,0.004717135029795205,0.004717135029795205
2024-09-30,85.22498074329448,1.0,0.9453029731755392,0.8540647688965706,-0.00677079568107708,-0.00677079568107708
2024-10-01,85.75850303741775,1.0,0.9512207241270976,0.8594113537928942,0.0062601632698551235,0.0062601632698551235
2024-10-02,86.73183965571637,1.0,0.9620168309863028,0.8691654482698377,0.011349738904303575,0.011349738904303575
2024-10-03,86.45793658854475,1.0,0.9589787383812821,0.8664205845253845,-0.0031580451684050104,-0.0031580451684050104
2024-10-04,86.26183491366344,1.0,0.9568036073962909,0.8644553915716633,-0.002268174358758701,-0.002268174358758701
2024-10-07,87.14686745334168,1.0,0.9666202583807592,0.8733245647280998,0.01025983901877403,0.01025983901877403
2024-10-08,86.90462055376375,1.0,0.9639332913387444,0.8708969368131446,-0.0027797545299907966,-0.0027797545299907966
2024-10-09,87.14966867955305,1.0,0.9666513291706033,0.8733526366454645,0.0028197364447117845,0.0028197364447117845
2024-10-10,87.27389143891469,1.0,0.9680291897783322,0.8745975097019392,0.0014253956583405447,0.0014253956583405447
2024-10-11,87.31985509360447,1.0,0.9685390118874992,0.8750581250963682,0.0005266598513251619,0.0005266598513251619
2024-10-14,86.94428142642872,1.0,0.9643732039151036,0.8712943901625196,-0.004301125634864511,-0.004301125634864511
2024-10-15,87.5712159353927,1.0,0.9713270694383486,0.8775770865250383,0.007210761865856563,0.007210761865856563
2024-10-16,87.8082250949784,1.0,0.9739559402374051,0.8799522254965289,0.00270647332064633,0.00270647332064633
2024-10-17,87.71019359397336,1.0,0.9728685892218143,0.8789698227958155,-0.0011164273153113635,-0.0011164273153113635
2024-10-18,87.67496924635417,1.0,0.9724778859298665,0.8786168291776705,-0.0004015992460608686,-0.0004015992460608686
2024-10-21,87.05210377465797,1.0,0.9655691535705562,0.872374909842538,-0.0071042565175704064,-0.0071042565175704064
2024-10-22,87.62346684392463,1.0,0.9719066288440014,0.8781007083520044,0.006563460783735708,0.006563460783735708
2024-10-23,88.13337265469873,1.0,0.9775624292297606,0.8832106254753599,0.005819283682102494,0.005819283682102494
2024-10-24,89.40227192261291,1.0,0.9916368736022682,0.8959266407862746,0.014397489052026202,0.014397489052026202
2024-10-25,89.03755257686457,1.0,0.9875914601694505,0.8922716802216378,-0.0040795310667725015,-0.0040795310667725015
2024-10-28,90.49138479921913,1.0,1.0037171537196754,0.9068409634314476,0.016328303960281287,0.016328303960281287
2024-10-29,90.74218955399338,1.0,1.0064990432350136,0.9093543521474818,0.002771587100039774,0.002771587100039774
2024-10-30,91.87829150355768,1.0,1.0191005192504616,0.9207395662071977,0.012520107296819072,0.012520107296819072
2024-10-31,90.83167301060652,1.0,1.007491580597283,0.9102510923640923,-0.011391357804151458,-0.011391357804151458
2024-11-01,91.17973649164325,1.0,1.0113522496242309,0.9137391395763103,0.0038319615779409677,0.0038319615779409677
2024-11-04,91.77897616759654,1.0,1.0179989281260382,0.9197442978162195,0.006572070714508049,0.006572070714508049
2024-11-05,90.79640510364348,1.0,1.007100394151489,0.9098976622248638,-0.010705840324027993,-0.010705840324027993
2024-11-06,91.28161496778924,1.0,1.0124822707232497,0.9147600939540793,0.005343932544376484,0.005343932544376484
2024-11-07,92.15847784775679,1.0,1.022208305041724,0.9235473965313509,0.009606128027828786,0.009606128027828786
2024-11-08,91.66460723701927,1.0,1.0167303647403891,0.9185981728959142,-0.005358927602443497,-0.005358927602443497
2024-11-11,92.52388161793678,1.0,1.0262613100098466,0.9272092159158893,0.009374112940839563,0.009374112940839563
2024-11-12,92.98187104410002,1.0,1.0313412614801687,0.9317988635755512,0.004949959060888132,0.004949959060888132
2024-11-13,93.8738714015101,1.0,1.0412351984758628,0.9407378632967924,0.009593271757104338,0.009593271757104338
2024-11-14,93.74800323480488,1.0,1.0398390872514673,0.9394765011260889,-0.0013408221566453271,-0.0013408221566453271
2024-11-15,93.0420536199649,1.0,1.032008797775305,0.9324019709895905,-0.007530289611308638,-0.007530289611308638
2024-11-18,92.78254506903818,1.0,1.0291303670309857,0.9298013589549394,-0.002789153300363556,-0.002789153300363556
2024-11-19,93.03883987999613,1.0,1.0319731514434312,0.9323697651497089,0.002762317101425049,0.002762317101425049
2024-11-20,91.5599654509933,1.0,1.0155696934139067,0.917549526571565,-0.0158952372031973,-0.0158952372031973
2024-11-21,91.96676437161511,1.0,1.0200818473128521,0.9216261790166356,0.004442978092205063,0.004442978092205063
2024-11-22,92.07793927992867,1.0,1.0213149830725172,0.9227402956940205,0.0012088596252481931,0.0012088596252481931
2024-11-25,92.08470202277262,1.0,1.021389994423197,0.9228080671426468,7.344585355451017e-05,7.344585355451017e-05
2024-11-26,90.08309499759102,1.0,0.9991884631875083,0.9027493704263325,-0.021736585786926943,-0.021736585786926943
2024-11-27,89.40056026353695,1.0,0.9916178881311137,0.8959094877438171,-0.007576723846714262,-0.007576723846714262
2024-11-28,89.25627901376704,1.0,0.9900175416928811,0.8944636026152302,-0.0016138741115780952,-0.0016138741115780952
2024-11-29,88.96722982525394,1.0,0.9868114505337826,0.8915669551037362,-0.003238418537126364,-0.003238418537126364
2024-12-02,89.28544571940033,1.0,0.9903410545093395,0.8947558908092421,0.0035767764689471626,0.0035767764689471626
2024-12-03,88.70404259007334,1.0,0.9838922163638454,0.888929477884843,-0.006511734635387012,-0.006511734635387012
2024-12-04,88.19768438850382,1.0,0.9782757655385026,0.8838551124038465,-0.005708400505595401,-0.005708400505595401
2024-12-05,88.84857649572906,1.0,0.985495365224067,0.8903778949528783,0.007379922860084598,0.007379922860084598
2024-12-06,89.3551267181123,1.0,0.9911139459160817,0.8954541847313102,0.00570127561253142,0.00570127561253142
2024-12-09,89.20217833679969,1.0,0.9894174649273363,0.893921443711018,-0.001711691169048568,-0.001711691169048568
2024-12-10,88.80172314022164,1.0,0.9849756746840618,0.889908363603097,-0.004489298401055386,-0.004489298401055386
2024-12-11,87.56843789195229,1.0,0.9712962557883962,0.877549246929086,-0.013888077895988005,-0.013888077895988005
2024-12-12,87.9195092579029,1.0,0.9751902878331734,0.8810674370467223,0.004009108468781664,0.004009108468781664
2024-12-13,87.59960237951938,1.0,0.9716419277087384,0.8778615554874408,-0.0036386335761395827,-0.0036386335761395827
2024-12-16,88.79590326269147,1.0,0.9849111214570052,0.8898500408869815,0.013656464763266651,0.013656464763266651
2024-12-17,88.35688543210948,1.0,0.9800416001393499,0.8854505132045187,-0.004944122582808963,-0.004944122582808963
2024-12-18,88.40291522271708,1.0,0.9805521558184069,0.8859117913665643,0.0005209530687109165,0.0005209530687109165
2024-12-19,87.96618066516434,0.0,0.9802579901716615,0.8815351450392517,-0.0003,-0.004940273252895033
2024-12-20,88.20947594241892,0.0,0.9802579901716615,0.8839732790573507,0.0,0.0027657819791069294
2024-12-23,90.17302684686288,0.0,0.9802579901716615,0.9036506041185539,0.0,0.022260090352715922
2024-12-24,89.97180908394107,0.0,0.9802579901716615,0.9016341413316001,-0.0,-0.0022314628881597853
2024-12-25,89.35238310930367,0.0,0.9802579901716615,0.8954266902149997,-0.0,-0.006884667330179894
2024-12-26,89.66588551415052,0.0,0.9802579901716615,0.8985683906484738,0.0,0.00350860708956513
2024-12-27,89.901258540995,0.0,0.9802579901716615,0.9009271334492721,0.0,0.0026250008628680987
2024-12-30,88.70938558488336,0.0,0.9802579901716615,0.8889830216180042,-0.0,-0.013257578096842138
2024-12-31,89.4243906050979,0.0,0.9802579901716615,0.8961482986532525,0.0,0.008060083107332083
2025-01-01,88.70542784907126,0.0,0.9802579901716615,0.8889433599754641,-0.0,-0.008039895504590167
2025-01-02,89.40094043945798,0.0,0.9802579901716615,0.895913297599299,0.0,0.007840699348974578
2025-01-03,89.50198093552501,0.0,0.9802579901716615,0.8969258543305538,0.0,0.0011301950020923268
2025-01-06,89.14624523309573,0.0,0.9802579901716615,0.8933609215158588,-0.0,-0.003974612614278894
2025-01-07,89.41125026189852,0.0,0.9802579901716615,0.896016615382926,0.0,0.0029726998384493886
2025-01-08,88.97270100154894,0.0,0.9802579901716615,0.8916217833815155,-0.0,-0.004904855474730518
2025-01-09,88.01628345113363,0.0,0.9802579901716615,0.8820372398939144,-0.0,-0.010749561827943843
2025-01-10,87.59960821046604,0.0,0.9802579901716615,0.8778616139210839,-0.0,-0.004734069928082341
2025-01-13,87.52699273688495,0.0,0.9802579901716615,0.8771339127573938,-0.0,-0.000828947469795005
2025-01-14,86.65792908752614,0.0,0.9802579901716615,0.868424768579565,-0.0,-0.009929092982450594
2025-01-15,86.65156857447995,0.0,0.9802579901716615,0.8683610279948505,-0.0,-7.339793499760994e-05
2025-01-16,85.85815086198477,0.0,0.9802579901716615,0.8604099541506482,-0.0,-0.009156414887206754
2025-01-17,86.23930948404242,0.0,0.9802579901716615,0.8642296575711882,0.0,0.004439399384111642
2025-01-20,86.17497927708794,0.0,0.9802579901716615,0.8635849855178012,-0.0,-0.0007459499309463435
2025-01-21,85.89547556835998,0.0,0.9802579901716615,0.8607839960858468,-0.0,-0.0032434438751559602
2025-01-22,84.22287370986065,0.0,0.9802579901716615,0.8440223575700457,-0.0,-0.019472525734701707
2025-01-23,84.3650342623107,0.0,0.9802579901716615,0.8454469905628085,0.0,0.0016879090701629185
2025-01-24,82.90497580631867,0.0,0.9802579901716615,0.830815312422002,-0.0,-0.017306440621506325
2025-01-27,82.40890742457371,0.0,0.9802579901716615,0.8258440642724947,-0.0,-0.005983577908566851
2025-01-28,81.38772691485723,0.0,0.9802579901716615,0.8156105119920934,-0.0,-0.01239162781828096
2025-01-29,82.29401452403688,0.0,0.9802579901716615,0.8246926884940664,0.0,0.011135433357510438
2025-01-30,82.15099060705893,0.0,0.9802579901716615,0.8232594034697096,-0.0,-0.0017379625700016943
2025-01-31,82.2024102948075,0.0,0.9802579901716615,0.8237746953870643,0.0,0.0006259168315392305
2025-02-03,82.51116916249619,0.0,0.9802579901716615,0.8268688594300176,0.0,0.0037560804674869885
2025-02-04,82.15410350188934,0.0,0.9802579901716615,0.8232905987105973,-0.0,-0.004327482742410904
2025-02-05,82.51504399597478,0.0,0.9802579901716615,0.8269076902837244,0.0,0.00439345667106128
2025-02-06,81.53901593006388,0.0,0.9802579901716615,0.8171266240132653,-0.0,-0.011828486281344142
2025-02-07,82.04800732378659,0.0,0.9802579901716615,0.8222273774925711,0.0,0.006242304839186197
2025-02-10,82.35674442401698,0.0,0.9802579901716615,0.8253213233973792,0.0,0.003762883588531496
2025-02-11,82.31642630445776,0.0,0.9802579901716615,0.8249172835822526,-0.0,-0.0004895545573249116
2025-02-12,80.96246086181061,0.0,0.9802579901716615,0.8113487949444964,-0.0,-0.016448302039247187
2025-02-13,79.70477285180439,0.0,0.9802579901716615,0.7987451309689612,-0.0,-0.015534211739844261
2025-02-14,78.87927293879162,0.0,0.9802579901716615,0.7904725518931733,-0.0,-0.010356969645313852
2025-02-17,78.48523014729709,0.0,0.9802579901716615,0.7865237323954393,-0.0,-0.004995517539826855
2025-02-18,78.78377823508217,0.0,0.9802579901716615,0.7895155711893569,0.0,0.0038038760569953922
2025-02-19,78.53899100965386,0.0,0.9802579901716615,0.7870624859168124,-0.0,-0.003107076493563121
2025-02-20,78.28070208963352,0.0,0.9802579901716615,0.784474096164632,-0.0,-0.003288671228136697
2025-02-21,78.13872998614822,0.0,0.9802579901716615,0.7830513516747487,-0.0,-0.0018136283872715042
2025-02-24,77.62861910395675,0.0,0.9802579901716615,0.7779393794699939,-0.0,-0.006528271988575973
2025-02-25,77.07250956369795,0.0,0.9802579901716615,0.7723664410915985,-0.0,-0.007163718054988055
2025-02-26,76.79105914217801,0.0,0.9802579901716615,0.7695459430742941,-0.0,-0.0036517614790695374
2025-02-27,77.21972428149925,0.0,0.9802579901716615,0.7738417233719883,0.0,0.005582227203398293
2025-02-28,77.19298795304125,0.0,0.9802579901716615,0.7735737907073345,-0.0,-0.00034623703602632006
2025-03-03,77.31247518123658,0.0,0.9802579901716615,0.7747712076037032,0.0,0.0015479026186679956
2025-03-04,78.08794435302421,0.0,0.9802579901716615,0.7825424138065434,0.0,0.010030323954443032
2025-03-05,77.01748403111311,0.0,0.9802579901716615,0.771815013935375,-0.0,-0.01370839418017844
2025-03-06,76.33750978863807,0.0,0.9802579901716615,0.7650007906971872,-0.0,-0.008828829596671195
2025-03-07,76.57242688409588,0.0,0.9802579901716615,0.7673549644745489,0.0,0.003077348162236815
2025-03-10,76.68713851351711,0.0,0.9802579901716615,0.7685045236814497,0.0,0.0014980801064967686
2025-03-11,76.2910564833556,0.0,0.9802579901716615,0.7645352683691734,-0.0,-0.005164908195025353
2025-03-12,75.27964738347947,0.0,0.9802579901716615,0.7543996382802975,-0.0,-0.013257243332274404
2025-03-13,75.2060868480897,0.0,0.9802579901716615,0.7536624663723706,-0.0,-0.0009771636550720553
2025-03-14,75.19307255482492,0.0,0.9802579901716615,0.7535320462857646,-0.0,-0.0001730484035296076
2025-03-17,75.6907440592852,0.0,0.9802579901716615,0.7585193598027197,0.0,0.006618581839402893
2025-03-18,75.20123344445201,0.0,0.9802579901716615,0.7536138289773248,-0.0,-0.006467245380092579
2025-03-19,75.2462664793372,0.0,0.9802579901716615,0.7540651183551161,0.0,0.0005988337268223454
2025-03-20,74.34249824801132,0.0,0.9802579901716615,0.7450081892846555,-0.0,-0.012010804968962119
2025-03-21,73.18197050208465,0.0,0.9802579901716615,0.733378197086612,-0.0,-0.015610556186248625
2025-03-24,74.2234812937603,0.0,0.9802579901716615,0.7438154851427403,0.0,0.014231794860538605
2025-03-25,73.91199818611967,0.0,0.9802579901716615,0.7406940206845251,-0.0,-0.00419655750729131
2025-03-26,74.39540266082379,0.0,0.9802579901716615,0.745538360071533,0.0,0.006540270680909455
2025-03-27,74.71631011778216,0.0,0.9802579901716615,0.7487542687250048,0.0,0.004313538813969675
2025-03-28,74.74281771628712,0.0,0.9802579901716615,0.7490199092190677,0.0,0.00035477660049298976
2025-03-31,75.44730436827615,0.0,0.9802579901716615,0.7560797785716232,0.0,0.00942547623322354
2025-04-01,76.5453096173607,0.0,0.9802579901716615,0.7670832143146158,0.0,0.014553273417495793
2025-04-02,76.28207010454136,0.0,0.9802579901716615,0.7644452132060244,-0.0,-0.0034390025219733777
2025-04-03,76.32209323711511,0.0,0.9802579901716615,0.764846296869218,0.0,0.0005246728689836111
2025-04-04,75.55469416840795,0.0,0.9802579901716615,0.7571559635590707,-0.0,-0.010054743471500815
2025-04-07,75.6846661088271,0.0,0.9802579901716615,0.7584584508613733,0.0,0.0017202364704098638
2025-04-08,75.98252093114601,0.0,0.9802579901716615,0.7614433422367645,0.0,0.003935471181053085
2025-04-09,75.6780683971344,0.0,0.9802579901716615,0.7583923332387829,-0.0,-0.004006875927261011
2025-04-10,75.45615194446972,0.0,0.9802579901716615,0.7561684427526085,-0.0,-0.002932374694080808
2025-04-11,75.06323555794468,0.0,0.9802579901716615,0.7522309112926253,-0.0,-0.005207214738623289
2025-04-14,74.9350417108497,0.0,0.9802579901716615,0.7509462427900543,-0.0,-0.0017078113692023944
2025-04-15,75.58384846602006,0.0,0.9802579901716615,0.7574481274086285,0.0,0.008658255742005183
2025-04-16,75.46289382666657,0.0,0.9802579901716615,0.7562360051505131,-0.0,-0.001600270981278018
2025-04-17,75.36745942499671,0.0,0.9802579901716615,0.7552796287512922,-0.0,-0.0012646533525346726
2025-04-18,74.81149395561782,0.0,0.9802579901716615,0.7497081341498468,-0.0,-0.007376730934285591
2025-04-21,75.10428429566352,0.0,0.9802579901716615,0.7526422728486807,0.0,0.003913707968716595
2025-04-22,75.29243811539087,0.0,0.9802579901716615,0.7545278179923807,0.0,0.0025052341752787033
2025-04-23,75.06634074307215,0.0,0.9802579901716615,0.7522620292722969,-0.0,-0.003002922710142686
2025-04-24,76.02724727483447,0.0,0.9802579901716615,0.761891558171256,0.0,0.012800764260658237
2025-04-25,75.21760690947721,0.0,0.9802579901716615,0.7537779123188622,-0.0,-0.010649344733348665
2025-04-28,75.94481605010755,0.0,0.9802579901716615,0.7610654904586881,0.0,0.00966807068862896
2025-04-29,76.2435539134831,0.0,0.9802579901716615,0.7640592310499943,0.0,0.003933617578037785
2025-04-30,75.55141464683051,0.0,0.9802579901716615,0.7571230985022096,-0.0,-0.009078003727869155
2025-05-01,75.9089548521666,0.0,0.9802579901716615,0.7607061147748841,0.0,0.004732409141608107
2025-05-02,76.9041233633723,0.0,0.9802579901716615,0.7706789931155217,0.0,0.013110027837213822
2025-05-05,77.62389807908477,0.0,0.9802579901716615,0.7778920686817595,0.0,0.009359377420005366
2025-05-06,77.96546682498085,0.0,0.9802579901716615,0.7813150302299084,0.0,0.004400303957269536
2025-05-07,78.82446591232637,0.0,0.9802579901716615,0.7899233144514786,0.0,0.011017686705754315
2025-05-08,78.16689021541873,0.0,0.9802579901716615,0.7833335536710913,-0.0,-0.008342279129921915
2025-05-09,78.33165111543244,0.0,0.9802579901716615,0.7849846714392166,0.0,0.0021078093238664497
2025-05-12,77.6174995241563,0.0,0.9802579901716615,0.7778279468680778,-0.0,-0.009117024614018865
2025-05-13,77.50843302244934,0.0,0.9802579901716615,0.77673495915764,-0.0,-0.0014051792749780745
2025-05-14,77.57699276750155,0.0,0.9802579901716615,0.7774220166647575,0.0,0.0008845456214081615
2025-05-15,77.63955718455182,0.0,0.9802579901716615,0.7780489932146277,0.0,0.0008064815974211381
2025-05-16,77.76475827551532,0.0,0.9802579901716615,0.7793036704217887,0.0,0.001612594088679531
2025-05-19,77.63118083086201,0.0,0.9802579901716615,0.7779650512938917,-0.0,-0.0017177118223663523
2025-05-20,77.7762458974956,0.0,0.9802579901716615,0.779418791283374,0.0,0.0018686443395683483
2025-05-21,78.13359474478543,0.0,0.9802579901716615,0.7829998899004019,0.0,0.004594575672381973
2025-05-22,79.06081980381228,0.0,0.9802579901716615,0.7922918867873028,0.0,0.011867175215162229
2025-05-23,79.20797437418587,0.0,0.9802579901716615,0.7937665663125085,0.0,0.0018612831328936874
2025-05-26,80.23129933475883,0.0,0.9802579901716615,0.8040216087699584,0.0,0.01291946888754758
2025-05-27,79.79931324832357,0.0,0.9802579901716615,0.799692548277834,-0.0,-0.00538425888670746
2025-05-28,80.3744930194692,0.0,0.9802579901716615,0.8054565950870334,0.0,0.0072078285856389535
2025-05-29,80.83436582911841,1.0,0.985572582629761,0.8100651166903167,0.005421626256949719,0.005721626256949719
2025-05-30,81.1098365375581,1.0,0.9889312578017748,0.8128256902321279,0.0034078415240124116,0.0034078415240124116
2025-06-02,82.62426788653954,1.0,1.0073959541041666,0.8280022552345122,0.0186713648261414,0.0186713648261414
2025-06-03,82.65178991601282,1.0,1.0077315163045866,0.8282780616417023,0.0003330986183267548,0.0003330986183267548
2025-06-04,83.06380325108931,1.0,1.012754986737789,0.8324069692781184,0.004984929370497104,0.004984929370497104
2025-06-05,82.55704587126188,1.0,1.0065763500344465,0.8273286035135946,-0.00610082081476071,-0.00610082081476071
2025-06-06,82.16897600925162,1.0,1.0018448102713864,0.8234396405109297,-0.004700626795869134,-0.004700626795869134
2025-06-09,82.07256092899112,1.0,1.000669269909535,0.8224734364411528,-0.0011733757062962757,-0.0011733757062962757
2025-06-10,83.19552122098068,1.0,1.0143609573968404,0.8337269540587973,0.01368253018156862,0.01368253018156862
2025-06-11,83.56645719032029,1.0,1.0188835922631194,0.8374442132493122,0.004458605029402429,0.004458605029402429
2025-06-12,83.31775303210462,1.0,1.01585126811473,0.8349518752334212,-0.002976124231870436,-0.002976124231870436
2025-06-13,83.7335151580115,1.0,1.0209204456605268,0.8391183506128428,0.004990078473992021,0.004990078473992021
2025-06-16,85.03328185661655,1.0,1.0367678443358423,0.8521436975871914,0.015522657757199188,0.015522657757199188
2025-06-17,84.88708963097964,1.0,1.0349853963893099,0.8506786620035619,-0.001719235368140004,-0.001719235368140004
2025-06-18,85.21251822241176,1.0,1.0389531827884426,0.8539398782843959,0.0038336641395859683,0.0038336641395859683
2025-06-19,85.04809336663725,1.0,1.036948433594309,0.8522921281151011,-0.0019295856900432007,-0.0019295856900432007
2025-06-20,85.02184139271412,1.0,1.0366283565395422,0.8520290493106686,-0.0003086721040288509,-0.0003086721040288509
2025-06-23,85.80237822246217,1.0,1.0461450477542498,0.8598510400145677,0.009180427252131196,0.009180427252131196
2025-06-24,85.35966748823654,1.0,1.0407472994424607,0.8554145046511474,-0.00515965575077415,-0.00515965575077415
2025-06-25,85.66483215902397,1.0,1.0444680180951083,0.858472650182638,0.0035750452147613743,0.0035750452147613743
2025-06-26,86.0041079584159,1.0,1.0486046365048742,0.8618726334348802,0.003960502703864721,0.003960502703864721
2025-06-27,85.96171338008162,1.0,1.0480877408302456,0.8614477848114866,-0.000492936667104038,-0.000492936667104038
2025-06-30,85.60932376087855,1.0,1.043791232241014,0.8579163840876455,-0.004099378727422165,-0.004099378727422165
2025-07-01,86.13890650912207,1.0,1.0502481671293993,0.8632234896281273,0.006186040550007377,0.006186040550007377
2025-07-02,85.80668638543985,1.0,1.0461975750088248,0.8598942133915026,-0.003856795229308374,-0.003856795229308374
2025-07-03,85.19260176973584,1.0,1.0387103515433493,0.8537402896144598,-0.007156605639630054,-0.007156605639630054
2025-07-04,86.38167539996641,1.0,1.0532081255614034,0.8656563485721355,0.013957475244675166,0.013957475244675166
2025-07-07,86.53809486058618,1.0,1.0551152690169787,0.8672238743060225,0.0018107944757439487,0.0018107944757439487
2025-07-08,85.66736033592973,1.0,1.0444988428788098,0.8584979857920555,-0.010061863807600768,-0.010061863807600768
2025-07-09,85.37042942067346,1.0,1.0408785142474157,0.855522353162927,-0.003466091567335683,-0.003466091567335683
2025-07-10,85.18258140473554,1.0,1.0385881782954869,0.8536398725695558,-0.002200387384866831,-0.002200387384866831
2025-07-11,85.27083367300345,1.0,1.0396641936148079,0.8545242746831785,0.0010360365559782814,0.0010360365559782814
2025-07-14,85.10381967169364,1.0,1.037627876277276,0.8528505779197753,-0.0019586298634099997,-0.0019586298634099997
2025-07-15,85.78274004005961,1.0,1.0459056093180088,0.8596542399734421,0.007977554603131098,0.007977554603131098
2025-07-16,86.28724758894487,1.0,1.052056814969355,0.8647100595158733,0.005881224459018952,0.005881224459018952
2025-07-17,87.74166417004643,1.0,1.0697897815282325,0.8792851987577275,0.016855521780346105,0.016855521780346105
2025-07-18,86.33479541487834,1.0,1.0526365415883867,0.865186550359441,-0.016034215540310814,-0.016034215540310814
2025-07-21,86.19400957902754,1.0,1.0509200110210475,0.8637756938088013,-0.0016306963510397399,-0.0016306963510397399
2025-07-22,86.13755620308723,1.0,1.0502317035301312,0.8632099578114988,-0.0006549570697085283,-0.0006549570697085283
2025-07-23,84.58314392158918,1.0,1.03127953991712,0.84763273204519,-0.018045697486856915,-0.018045697486856915
2025-07-24,84.24187659540894,1.0,1.0271186398274028,0.8442127911132701,-0.004034696635261126,-0.004034696635261126
2025-07-25,85.5532175339934,1.0,1.0431071573631372,0.8573541269738226,0.015566378523148128,0.015566378523148128
2025-07-28,85.30745637448707,1.0,1.0401107157111205,0.8548912816194805,-0.0028726115345536485,-0.0028726115345536485
2025-07-29,85.68930739460832,1.0,1.0447664322769719,0.8587179237660489,0.004476174022174373,0.004476174022174373
2025-07-30,85.87482336185819,1.0,1.0470283347374678,0.8605770342089498,0.0021649838572688207,0.0021649838572688207
2025-07-31,84.66974997662928,1.0,1.0323354837902707,0.8485006369685795,-0.014032906712960425,-0.014032906712960425
2025-08-01,84.15423018301237,1.0,1.026050011402625,0.8433344604607406,-0.006088594731402885,-0.006088594731402885
2025-08-04,84.72708354259018,1.0,1.03303452299341,0.8490751936107207,0.006807184360572371,0.006807184360572371
2025-08-05,85.61876955790017,1.0,1.0439064000718015,0.8580110432166937,0.010524214666987275,0.010524214666987275
2025-08-06,86.89842224960881,1.0,1.0595085588232231,0.8708348217717626,0.014945936484677791,0.014945936484677791
2025-08-07,86.43514362297154,1.0,1.0538600365907695,0.8661921694679097,-0.005331266260583445,-0.005331266260583445
2025-08-08,86.88508852095316,1.0,1.059345987406321,0.8707012005285134,0.005205578184080739,0.005205578184080739
2025-08-11,86.42723542021855,1.0,1.0537636158700614,0.8661129190263407,-0.005269639572550999,-0.005269639572550999
2025-08-12,86.31192530271615,1.0,1.0523576978654539,0.8649573621931539,-0.0013341872725854964,-0.0013341872725854964
2025-08-13,85.00580618154333,1.0,1.0364328473112023,0.8518683557111709,-0.0151325453185287,-0.0151325453185287
2025-08-14,85.33043280091034,1.0,1.0403908556701256,0.8551215351924603,0.0038188758385953037,0.0038188758385953037
2025-08-15,86.68292813379618,1.0,1.056881147943153,0.8686752914249686,0.01585009343666899,0.01585009343666899
2025-08-18,87.05547952612662,1.0,1.0614234788457995,0.8724087392476345,0.004297863493436749,0.004297863493436749
2025-08-19,87.30163666290758,1.0,1.0644247484486664,0.874875552807503,0.0028275892352886967,0.0028275892352886967
2025-08-20,87.75512520987363,1.0,1.069953905185928,0.8794200958239268,0.005194502237306997,0.005194502237306997
2025-08-21,88.23857517428193,1.0,1.0758483663486644,0.884264891076731,0.005509079535264805,0.005509079535264805
2025-08-22,87.425476874245,1.0,1.0659346695777474,0.8761165922369467,-0.009214771412967115,-0.009214771412967115
2025-08-25,88.16430717248079,1.0,1.0749428541251054,0.8835206294384004,0.008450972469941753,0.008450972469941753
2025-08-26,87.92230052307538,1.0,1.071992189317859,0.8810954091415671,-0.0027449503905470074,-0.0027449503905470074
2025-08-27,89.41091311970911,1.0,1.0901420906172763,0.8960132367812119,0.016931001438514892,0.016931001438514892
2025-08-28,90.15420126147859,1.0,1.0992046273986058,0.9034619473527759,0.008313170236549539,0.008313170236549539
2025-08-29,90.35136857243829,1.0,1.1016085888063505,0.9054378193611952,0.0021870008075146607,0.0021870008075146607
2025-09-01,90.56381819355816,1.0,1.1041988797008007,0.9075668399251356,0.002351371367989241,0.002351371367989241
2025-09-02,88.85114054966814,1.0,1.0833170664845102,0.890403590096671,-0.018911279118439817,-0.018911279118439817
2025-09-03,89.00518346489199,1.0,1.0851952339227744,0.8919472997654017,0.0017337190526860446,0.0017337190526860446
2025-09-04,89.164828942501,1.0,1.0871417105736199,0.893547154370828,0.0017936649461769427,0.0017936649461769427
2025-09-05,89.2483089023245,1.0,1.0881595395471904,0.8943837317683506,0.0009362431444501773,0.0009362431444501773
2025-09-08,88.82526888425113,1.0,1.0830016263392153,0.8901443224763954,-0.004740033993656412,-0.004740033993656412
2025-09-09,89.38561157986823,1.0,1.0898336017250867,0.8957596825581605,0.006308370384414896,0.006308370384414896
2025-09-10,89.77585270620172,1.0,1.094591614617053,0.8996704044435647,0.00436581592312324,0.00436581592312324
2025-09-11,89.6033616808581,1.0,1.092488518692632,0.8979418208004594,-0.001921352124697795,-0.001921352124697795
2025-09-12,89.71866647638376,1.0,1.093894371809066,0.8990973243005413,0.0012868355981592305,0.0012868355981592305
2025-09-15,88.6463369575854,1.0,1.080819999759109,0.8883511926538581,-0.011952133941721232,-0.011952133941721232
2025-09-16,89.37675105214393,1.0,1.0897255697871466,0.8956708885860513,0.008239642151350424,0.008239642151350424
2025-09-17,89.19892031037635,1.0,1.087557369398152,0.8938887940634617,-0.001989675611097419,-0.001989675611097419
2025-09-18,87.90252675636803,1.0,1.0717510977706914,0.8808972503699745,-0.014533735940943981,-0.014533735940943981
2025-09-19,88.16691553666146,1.0,1.0749746565917375,0.8835467686282454,0.0030077494930971227,0.0030077494930971227
2025-09-22,88.32991561560475,1.0,1.0769620342018074,0.8851802406870088,0.0018487669433724374,0.0018487669433724374
2025-09-23,89.45247474952198,1.0,1.0906488305714142,0.8964297381808196,0.012708708324848939,0.012708708324848939
2025-09-24,89.50888310199005,1.0,1.0913365891138807,0.8969950229845743,0.0006305957730741163,0.0006305957730741163
2025-09-25,88.60542063833782,1.0,1.080321127750664,0.8879411581025154,-0.010093550855983624,-0.010093550855983624
2025-09-26,87.7943645677434,1.0,1.0704323308515444,0.8798133250487206,-0.009153571697435026,-0.009153571697435026
2025-09-29,88.71705586119853,1.0,1.0816822396215715,0.8890598877282861,0.010509687016906133,0.010509687016906133
2025-09-30,88.70631275638407,1.0,1.0815512543723047,0.8889522278936862,-0.00012109401862114844,-0.00012109401862114844
2025-10-01,88.21254304910656,1.0,1.075530969798605,0.8840040154417019,-0.0055663423710728965,-0.0055663423710728965
2025-10-02,88.69445551265436,1.0,1.0814066849901405,0.8888334029430973,0.00546308321799005,0.00546308321799005
2025-10-03,89.95466511198785,1.0,1.0967717839394604,0.9014623365119756,0.014208437179635158,0.014208437179635158
